<?xml version = "1.0" encoding = "utf-8"?>
<!DOCTYPE hibernate-mapping PUBLIC 
"-//Hibernate/Hibernate Mapping DTD//EN"
"http://www.hibernate.org/dtd/hibernate-mapping-3.0.dtd"> 

<hibernate-mapping>
   <class name = "com.pojo.User" table = "userlogin">
      
      <meta attribute = "class-description">
         This class contains the login details. 
      </meta>
      
      <id name = "id" type = "int" column = "id"> 
        <generator class="native"></generator>     
      </id>
      
      <property name = "first_name" column = "first_name" type = "string"/>
      
      <property name = "last_name" column = "last_name" type = "string"/>
      <property name = "gender" column = "gender" type = "string"/>
      <property name = "age" column = "age" type = "string"/>
      <property name = "username" column = "username" type = "string"/>
      <property name = "phone" column = "phone" type = "string"/>
      <property name = "email" column = "email" type = "string"/>
      <property name = "password" column = "password" type = "string"/>
      <property name = "address" column = "address" type = "string"/>

   </class>
</hibernate-mapping> 